{
  "images" : [
    {
      "resizing" : {
        "mode" : "3-part-horizontal",
        "center" : {
          "mode" : "tile",
          "width" : 1
        },
        "cap-insets" : {
          "right" : 4,
          "left" : 4
        }
      },
      "idiom" : "universal",
      "filename" : "button_bg.png",
      "scale" : "1x"
    },
    {
      "resizing" : {
        "mode" : "3-part-horizontal",
        "center" : {
          "mode" : "tile",
          "width" : 1
        },
        "cap-insets" : {
          "right" : 8,
          "left" : 8
        }
      },
      "idiom" : "universal",
      "filename" : "button_bg@2x.png",
      "scale" : "2x"
    },
    {
      "resizing" : {
        "mode" : "3-part-horizontal",
        "center" : {
          "mode" : "tile",
          "width" : 1
        },
        "cap-insets" : {
          "right" : 12,
          "left" : 12
        }
      },
      "idiom" : "universal",
      "filename" : "button_bg@3x.png",
      "scale" : "3x"
    }
  ],
  "info" : {
    "version" : 1,
    "author" : "xcode"
  }
}